CID,Isomeric SMILES
460747,CC1=NN(C2=NC(=O)N(C(=O)C2=N1)C)C
906542,CN1C2=NC(=O)N(C(=O)C2=NC(=N1)C3=CC=CC=N3)C
3101746,CC1=CC(=C2C(=N1)C(=CC(=O)C2=O)N3CCOCC3)C(=O)OC
4295684,C1=CC(=CC=C1NC2=C(C3=NON=C3C(=C2)Cl)[N+](=O)[O-])O
6103405,C1=CC=C(C=C1)CN2C(=O)C3=C4C(=C(C=C3)O)C=CC=C4C2=O
3109741,CNC1=C2C=CC=C3C2=C(C=C1)C(=O)N(C3=O)C
72652,C1CC2=CC3=C(C4=C2N(C1)CCC4)OC(=O)C=C3C(F)(F)F
2931982,COC1=CC(=C(C=C1C2=C3C=C(C(=O)C=C3OC4=CC(=C(C=C42)O)O)O)OC)OC
3801816,C1=CC(=C(C=C1C2=C3C=CC(=O)C=C3OC4=C2C=CC(=C4)O)C(=O)O)N
9549474,CCCCCCCCCCN1C2=C(CCC2)C(=N)C3=C1CCC3.Br
650462,CN1C2=CC=CC3=C2C(=C(C1=O)NCCO)C4=CC=CC=C4C3=O
16196349,CC1=CC(=CC(=[N+]1C2=CC=CC=C2OC)C)/C=C\3/N(C4=CC=CC=C4S3)C.[I-]
4076033,CCCCN(C)C1=CC2=CC(=C(C#N)C#N)CCC2CC1
2846928,CCCCCCCCCCCCCCCCN1C=C[N+](=C1)C.[Br-]
1347824,CC1=C(C(=NN1)C)N2C(=O)C3=C4C(=C(C=C3)N5CCCCCC5)C=CC=C4C2=O
3099740,CCN1C(=O)C2=C3C(=C(C=C2)N)C=CC=C3C1=O
5601088,CC\1=CC(=O)C(=C/C1=N/OS(=O)(=O)C2=CC=CC=C2)C(C)C
16012865,CN(C1=CC=CC=C1)S(=O)(=O)C2=CC=C(C=C2)NC(=O)C3=NC(=NC=C3Cl)S(=O)(=O)C
1472216,COC1=NC=C(C=C1)NC(=O)/C(=C(\S(=O)CC2=CC=CC=C2)/Cl)/Cl
1911050,CCCCCCN1C=CC(=C/C=C(\C#N)/C(=O)OCC)C=C1
2374706,COC1=CC=C(C=C1)C2=CSC(=N2)NC(=O)C3=CC=CC=C3NS(=O)(=O)C4=CC(=C(C=C4)F)F
9595080,CC1=CC(=NC(=N1)/N=C(\N)/NC2=CC=C(C=C2)OCCC(C)C)C
659226,CCOC(=O)C(C1=C2C3=C(C4=CC=CC=C4C2=O)ON=C3C(=C1)Br)C(=O)OCC
5756549,CC\1(C2=CC=CC=C2N(/C1=C\C=C/3\C(=O)NC(=S)S3)C)C
728868,C1=CSC(=C1)C2=C(C(=O)C3=C(O2)C=CC(=C3)Cl)O
2937718,C1CCN(CC1)C2=C3C=CC=C4C3=C(C=C2)C(=O)N(C4=O)C5=CC(=CC=C5)O
1839490,C1=CC=C2C(=C1)N=C(S2)NC(=O)/C(=C/C3=COC4=C(C3=O)C=C(C=C4)O)/C#N
2816883,C1CCN(CC1)CCSC2=C3C(=C(SC3=NS2)C(=O)C4=CC=CS4)N
746686,CC1=CC(=CC=C1)N2C(=O)C3=C4C(=C(C=C3)N)C=CC=C4C2=O
2185976,CC1=C(C=CC(=C1)/C=C\2/C(=O)N(C(=S)N2)C)N3CCCC3
282594,CC(=O)N(C1CCCCC1)C2=C(C(=O)C3=CC=CC=C3C2=O)Cl
5728131,CC1=CC(=NC(=N1)/N=C(\N)/NC2=CC=C(C=C2)OCC3=CC=CC=C3)C
1922517,COC1=CC=C(C=C1)NC(=O)/C(=C\C2=CC=C(O2)N3CCOCC3)/C#N
5337303,C1CCN(CC1)C2=CC=C(O2)/C=C(/C#N)\C(=O)NC3=CC=C(C=C3)Cl
1304074,C1CCN(CC1)C2=C3C=CC=C4C3=C(C=C2)C(=O)N(C4=O)C5=CC=CC=C5O
24762046,CCOC1=CC=CC(=C1O)CNCCC2=C(NC3=C2C=C(C=C3)OC(F)(F)F)C.C(=O)(C(=O)O)O
2836642,C1CCCN(CC1)C2=CC=C(C3=NON=C23)[N+](=O)[O-]
6899614,C1=CC(=CC=C1C(=O)O)N/N=C/C=C/C2=CC=C(O2)[N+](=O)[O-]
5375781,CCN(CC)C1=CC=C(C=C1)/C=C/[N+](=O)[O-]
5396293,C1=CC2=C(C=CC3=C2C(=C1)C(=O)N(C3=O)C4=CC=C(C=C4)Cl)O
5415878,CCN1C(=O)/C(=C/C2=CC=C(C=C2)N3CCCC3)/NC1=S
5265,C1CN(CCC12C(=O)NCN2C3=CC=CC=C3)CCCC(=O)C4=CC=C(C=C4)F
1897383,C1=CC=C(C=C1)C(=O)NC2=C(C(=O)C(=C(C2=O)Cl)NC(=O)C3=CC=CC=C3)Cl
12005313,CCCC(=O)OCCNC1=C(C2=NON=C2C(=C1)SC3=NC4=CC=CC=C4N3)[N+](=O)[O-]
1798506,C1CCN(C1)C2=CC=C(C=C2)/C=C\3/C(=O)N(C(=S)N3)C4CC4
135424475,CCCCCCCCCCCCCCCC[N+]1=CC=C(C=C1)/C=N/O.[Br-]
443939,C[C@H]1[C@H]([C@H](C[C@@H](O1)O[C@H]2C[C@@](CC3=C2C(=C4C(=C3O)C(=O)C5=C(C4=O)C(=CC=C5)OC)O)(C(=O)CO)O)N)O.Cl
3279941,C1=CC=C(C=C1)CS(=O)(=O)C2=CC(=CC(=C2C#N)[N+](=O)[O-])[N+](=O)[O-]
5759185,CC(C)(C)C(=O)/C(=C\C1=CC(=CC=C1)[N+](=O)[O-])/N2C=NC=N2
1075260,CC1=C2C(=C(C=C1)N3C(=O)C4=C5C(=C(C=C4)N)C=CC=C5C3=O)C=CC=N2
674819,C1=CC=C(C=C1)CN2C=CC3=C2C=CC(=C3)/C=C/[N+](=O)[O-]
3128208,C1=CC(=CC(=C1)O)NC2=C(C3=NON=C3C(=C2)Cl)[N+](=O)[O-]
1295053,C1CN(CCC1NC(=S)NC2=CC(=C(C=C2)Cl)Cl)CC3=CC=CC=C3
2037851,C1=CC=C2C(=C1)C(=O)C(=CO2)/C=C/3\C(=N)N4C=CSC4=NC3=O
1945566,CSC1=NSC2=NC(=O)/C(=C/C3=COC4=C(C3=O)C=C(C=C4)O)/C(=N)N21
4361486,CCOC(=O)C(C1=CC(=C(C=C1)NC(=S)NC(=O)C2=C(C=C(C=C2)Cl)Cl)C)(C(F)(F)F)O
6211243,CN(C)C1=CC=C(C=C1)/C=C/C(=O)C2=CC3=C(C=C2)OCO3
135479086,C1COC2=C(O1)C=CC(=C2)N=NC3=C4C(=C(C=C3)O)C=CC=N4
2238406,CC(C)(C)C(=O)NC(=S)NNC(=O)C1=C(C=C(C=C1)Cl)Cl
1803281,CN(C)C1=CC=C(C=C1)/C=C\2/C(=O)N(C(=S)N2)CC3=CC=CC=C3
379416,CN(C)C=NC1=C(C=C(C2=NON=C12)Br)Br
23723895,C1=CC=[N+]2C(=C1)C=CC3=C2C=C(C=C3)N.[O-]Cl(=O)(=O)=O
5732023,C1=CC=C2C(=C1)N=C(S2)/C(=C\C3=CC=C(O3)C4=CC=C(C=C4)S(=O)(=O)N)/C#N
5290648,CC\1(C2=CC=CC=C2N(/C1=C\C=C/3\C(=O)N(C(=S)S3)CC(=O)O)C)C
1933111,CCCOC1=CC=C(C=C1)C(=O)NNC(=S)NC(=O)C2=CC=CS2
24789635,C1CN(CCN1C2=CC(=C3C4=C(C5=CC=CC=C5C3=O)ON=C24)NCCC(=O)O)C(=O)C6=CC=CO6
3918052,CC1=CC(=C(N1CC2CCCO2)C)C(=O)CSC3=NC4=CC=CC=C4N3
2313748,CN(C)C1=CC=C(C=C1)/C=C\2/C(=O)N(C(=S)S2)NC3=C(C=C(C=N3)C(F)(F)F)Cl
2176481,CCN\1C2=CC(=C(C=C2S/C1=C\C=C(/C(=O)C)\C(=O)OCC)OCC)OCC
16446684,C1=CC=C(C=C1)CS(=O)(=O)C2=NC=C(C(=N2)C(=O)NC3=CC=C(C=C3)F)Cl
135464624,C1=CC=C(C=C1)S(=O)(=O)/N=C/2\NC(=O)/C(=C/C3=C(C=CC(=C3)[N+](=O)[O-])O)/S2
647878,C=CS(=O)(=O)C1=CC=C(C=C1)OC2=CC=C(C=C2)S(=O)(=O)C=C
16196375,CC1(CC(=CC(=[N+]2CCCCC2)C1)N3CCN(CC3)C(C4=CC=CC=C4)C5=CC=CC=C5)C.[I-]
1811598,CN(C1=CC=CC=C1)C(=O)COC2=CC=CC=C2C(=O)NCCOC3=CC=CC=C3
135504379,CC1=CC=C(C=C1)S(=O)(=O)/N=C\2/NC(=O)/C(=C/C3=C(C=CC(=C3)[N+](=O)[O-])O)/S2
2113346,C1=CC(=C(C=C1F)C(=O)C2=CN(C(=O)C(=C2)C#N)C3=NC=CS3)O
164981,C1=CC=C(C=C1)N2C(=O)C3=CC=CC=C3S2
5736210,CC1=CC(=NC(=N1)/N=C(\N)/NC2=CC=C(C=C2)CC(=O)OC(C)C)C
24747641,CN(C)C=O.CN(C)C1=CC=C(C=C1)/C=C/C2=NC3=CC=CC=C3C(=O)N2C4=CC=C(C=C4)C(=O)O
16452952,CC1=C(C=C(C=C1)NC(=O)C2=NC(=NC=C2Cl)S(=O)(=O)CC3=CC=CC=C3C)C
1915100,CCCOC1=CC=C(C=C1)C(=O)NNC(=S)NC(=O)C2=CC=CC=C2
2849732,CC(C)CC1=CC=C(C=C1)C(C)C(=O)NC2=CC=C(C=C2)O
6552076,COC(=O)C[C@@]1(CN(N(C12C3=CC=CC=C3C4=CC=CC=C24)C5=CC=C(C=C5)Cl)C#N)C(=O)OC
135517033,C1=CC=C2C(=C1)C=CC(=C2/C=N/NC(=O)C3=CC(=CC=C3)C(F)(F)F)O
1625910,CCCC1=CC(=C(C=C1)O)N=CC2=C(C=CC3=CC=CC=C32)O
11957284,CC1=NN=C(S1)NC(=O)C2=C(C3=C(S2)N=C(C=C3C(F)(F)F)C4=CC=CS4)N
2167979,C1=CC(=C(C=C1NC(=O)CC(C(F)(F)F)(C(F)(F)F)O)Cl)Cl
1933177,CCCOC1=CC=C(C=C1)C(=O)NNC(=S)NC(=O)C2=CC=CO2
1875260,CCCOC1=CC=C(C=C1)C(=O)NC(=S)NNC(=O)C2=C(ON=C2C3=CC=CC=C3)C
1751796,CCOC1=C(C(=CC(=C1)/C=C\2/C(=O)/C(=C/C3=CC(=C(C(=C3)Cl)O)OCC)/CCC2)Cl)O
16446369,CC1=CC(=CC=C1)NC(=O)C2=NC(=NC=C2Cl)S(=O)(=O)CC3=CC=CC=C3
272529,C1COCCN1C2=CC(=O)C(=O)C3=CC=CC=C32
16446380,COC1=CC(=C(C=C1)OC)NC(=O)C2=NC(=NC=C2Cl)S(=O)(=O)CC3=CC=CC=C3
2905003,CCOC(=O)C1CCCN(C1)C(=O)C2C3=CC=CC=C3OC4=CC=CC=C24
1254872,C1CN(CCN1C2=C(C=C(C=C2)NC(=O)C3=CC4=CC=CC=C4O3)Cl)C(=O)C5=CC=CO5
143191,CCN(CC)C1=CC2=C(C=C1)C=C(C(=O)O2)C=O
135490278,CC1=CC(=NN1C2=NC(=NC(=N2)N/N=C/C3=C(C(=CC=C3)OC)O)NC4=CC=CC=C4)C
16236314,CCCCCCCCCCOC(=O)CN1C2=CC=CC=C2[N+](=C1COC3=CC=CC=C3)C.[Cl-]
161167,C1=CC=C(C=C1)S(=O)(=O)NC2=CC=CC3=C2N=CC=C3
1790620,CC1=CC=C(C=C1)C(=O)NNC(=S)NC(=O)C2=C(C=C(C=C2)Cl)Cl
4358441,CC(=O)NC1=NC=C(C=C1)SC2=C(C=CC=N2)C(=O)NC3=CC=C(C=C3)OC(F)(F)F
5440998,CC\1=NN(C(=O)/C1=C\C=C/2\C(C3=CC=CC=C3N2C)(C)C)C4=CC=CC=C4
17536862,CC1CC(CN(C1)C(=O)C2=CC=C(C=C2)S(=O)(=O)NC3=CC=C(C=C3)C)C
2851304,CN1C2=CC=CC=C2N=C1N=NC3=CC=C(C=C3)N(C)C
1613877,C1=CC=C2C(=C1)N=C3N2C(=O)/C(=C\C4=CC=C(O4)C5=CC(=C(C=C5)C(=O)O)Cl)/S3
4881083,CC(C)NS(=O)(=O)C1=CC=C(C=C1)NC(=O)C(C)OC2=CC=C(C=C2)C(=O)C3=CC=CC=C3
2744279,CCN1C(=CC(=N1)C)C2=NN=C(N2C)SC3=NC=C(S3)[N+](=O)[O-]
1316704,CS(=O)C1=C(C(=CC(=N1)C2=CC=C(C=C2)Br)C3=CC=CC=C3)C#N
5737231,C1=CC2=NC(=C(C(=O)N2C=C1)/C=C/3\C(=O)N(C(=S)S3)CC4=CC=CO4)NCCOCCO
11839287,COCCN1C(=O)/C(=C/C2=CC(=C(C=C2OC)N3CCCC3)OC)/SC1=NC4=CC=CC=C4
24982027,CC(C(=O)NC1=CC=C(C=C1)S(=O)(=O)N(C)C2CCN(CC2)C)OC3=CC=C(C=C3)Br
3270222,CCCC(=O)N(C1CC(C(C1(C#N)C#N)(C#N)C#N)C)N(C)C
5883623,C1=CC(=CC=C1N/N=C(/C#N)\C(=S)N)OC(F)(F)F
2974206,COC1=C(C=C2C(=C1)C=CN=C2C(=O)C3=CC(=C(C=C3Br)OC)OC)OC
24747653,CCCCCCCCCCOC(=O)CN1C2=CC=CC=C2[N+](=C1COC3=CC=C(C=C3)Cl)C.[Cl-]
1567094,COC1=C(C=CC(=C1)/C=C\2/C(=O)N(C(=S)S2)NC(=O)C3=CC(=C(C=C3)O)OC)O
1405137,C1COCCN1C2=C(C(=O)C3=CC=CC=C3C2=O)N4C5=CC=CC=C5N=N4
18108400,CCOC1=CC=C(C=C1)NS(=O)(=O)C2=CC=C(C=C2)C(=O)N3CC(OC(C3)C)C
1901314,CCCCN1C(=C(C2=NC3=CC=CC=C3N=C21)C(=O)OCC)NC(=O)C4=CC=C(O4)Br
82533,CC1=CC=C(C=C1)S(=O)(=O)NC2=CC=CC3=C2N=CC=C3
2460938,CC1=CC(=C(C=C1)O)C(=O)C2=CN(C(=O)C(=C2)C#N)C3=NC=CS3
16192954,CC1CCC(C(C1)OC(=O)CN2C3=CC=CC=C3[N+](=C2COC4=CC=CC=C4C)C)C(C)C.[Cl-]
4466069,COC1=CC=CC=C1NS(=O)(=O)C2=CC=CC(=C2)NC(=O)NC3=CC=C(C=C3)Cl
5736540,CCN\1C2=C(C=C(C=C2)S(=O)(=O)N(C)C)N(/C1=C\C=C/3\C(=O)N(C(=S)S3)CC=C)CC
24792817,C1CCC2=NC3=C(C=C(C=C3)NC(=O)C4=C(C=CC(=C4F)[N+](=O)[O-])F)C(=O)N2CC1
16446370,CC1=CC=C(C=C1)NC(=O)C2=NC(=NC=C2Cl)S(=O)(=O)CC3=CC=CC=C3
2189900,COCCN1C(=O)/C(=C/C2=CC=C(C=C2)N3CCCC3)/SC1=S
135455061,CC1=CC(=NC(=N1)C2=CC=CC=C2O)N/N=C/C3=C(C(=CC=C3)OC)O
5904529,CCN(CC)C1=CC=C(C=C1)/C=C\2/C(=N)N3C(=NC2=O)SC(=N3)CC(=O)N4CCCC4
9499902,COC(=O)[C@@H]1[C@H](N(N(C12C3=CC=CC=C3C4=CC=CC=C24)C5=CC=C(C=C5)Cl)C#N)C(=O)OC
16306881,CC1=CC2=C(C=C1)N=C(S2)C3=CC=C(C=C3)NC(=O)CCN4C(=O)C5(CCCC5)NC4=O
1619531,CC1=CC(=C(C=C1)C2=CC=C(O2)/C=C\3/C(=NOC3=O)C4=CC=CC=C4)[N+](=O)[O-]
1790544,CC1=CC(=CC=C1)C(=O)NC(=S)NNC(=O)C2=CC=CC=C2Cl
4247467,CC1=CC(=NC2=C1C(=O)N(S2)CC(=O)NC3=C(C(=CC=C3)Cl)C)C
24892559,CCC1=CC2=C(C=C1)N=C(S2)N(CCCN(C)C)C(=O)C3=CC=C(C=C3)S(=O)(=O)N4CCC5=CC=CC=C5C4.Cl
1151859,CCOC(=O)CS(=O)(=O)C1=NC(=CC(=N1)C(F)(F)F)C2=CC=CC=C2
135547289,CN(C)C1=CC=C(C=C1)/C=C\2/C(=O)NC(=NC3=CC=CC=C3OC)S2
3689411,C1=CC=C(C=C1)CCNC(=O)C(C2=CC=CS2)N(C3=CC=C(C=C3)Cl)C(=O)CCl
7634362,CCOC(=O)C1=C(NC(=C1C)C(=O)OCC(=O)NC2=C(C=CS2)C(=O)N)C
6032979,CC1=CC=C(C=C1)NC2=C/C(=N/S(=O)(=O)C3=CC=CS3)/C4=CC=CC=C4C2=O
4089709,C1=CC=C2C(=C1)C(=O)N(S2)C3=CC(=CC=C3)S(=O)(=O)NC4=CC=CC=C4C(=O)O
970535,C1=CC(=CC(=C1)[N+](=O)[O-])NC(=O)NC2=CC=C(C=C2)OC(F)(F)F
5035394,CC1(C(=O)N(C(=O)N1)CC(=O)NC2=CC=C(C=C2)OC(F)F)C3=CC=C(C=C3)OC(F)F
2187445,CC1=C(C=CC(=C1)N2CCCC2)/C=C\3/C(=O)N(C(=S)N3)C
1046754,C1=CC(=CN=C1)C(=O)NC(C(F)(F)F)(C(F)(F)F)NC2=NC3=C(S2)C=C(C=C3)[N+](=O)[O-]
900031,CC1=CC=C(C=C1)N(C2=CN(C3=CC=CC=C32)C(=O)C)C(=O)CCl
804043,CCOC1=CC=C(C=C1)NC(=S)NC2=CC3=NSN=C3C=C2
16395151,C[C@]12CCC3C(C1(CCC2C4=CC(=O)OC4)O)CCC5=CC(CC[C@]35/C=N/O)O
16238272,CC1=CC(=NC(=N1)/N=C(\N)/NC2=CC=C(C=C2)SC(F)F)C
4641,CCCCC1C(=O)N(N(C1=O)C2=CC=C(C=C2)O)C3=CC=CC=C3
24892075,CN(C)CCCN(C1=NC2=C(S1)C=CC(=C2)OC)C(=O)C3=CC=C(C=C3)S(=O)(=O)N4CCC5=CC=CC=C5C4.Cl
6880175,C1=COC(=C1)C(=O)N/N=C/C2=C(N(C(=O)S2)CC3=CC=C(C=C3)Br)Cl
67275,CC1=C(C=C(C=C1)Cl)NC(=O)C2=CC3=CC=CC=C3C=C2O
16014472,CC1=CC(=CC=C1)CS(=O)(=O)C2=NC=C(C(=N2)C(=O)NCC3=CC=CC=C3)Cl
1477595,C1=CC=C(C=C1)S(=O)(=O)C2=NC=C(C=C2)[N+](=O)[O-]
18105323,CCOC1=CC=C(C=C1)NS(=O)(=O)C2=CC=C(C=C2)C(=O)N3CCCC(C3)C
3216690,COC1=CC=CC(=C1)N(C(C2=CC=CS2)C(=O)NC3CCCC3)C(=O)C#C
5733602,CC\1=NOC(=O)/C1=C\C2=CC=C(O2)C3=C(C=CC(=C3)Cl)Cl
16196382,CC1(CC(=CC(=[N+]2CCCCC2)C1)N(C)CC3=CC=CC=C3)C.[I-]
1472329,CC1=CC=C(C=C1)S(=O)(=O)C2=NC=C(C=C2)[N+](=O)[O-]
9116001,C1COC2=C(C=C(C=C2)C(=O)NCCC3=CC=CC=C3)OC1
3473830,CC(=O)N1C=C(C2=CC=CC=C21)N(C3=CC=C(C=C3)[N+](=O)[O-])C(=O)CCl
135498049,C1=CC=C(C=C1)C2=C(SC(=N2)N)N=NC3=CC=CC=C3Cl.Br
11839273,COCCCN1C(=O)/C(=C/C2=CC(=C(C=C2OC)N3CCCC3)OC)/SC1=NC4=CC=CC=C4
2904872,CN1C=CN=C1C(C2=C(C=CC3=CC=CC=C32)OC)O
135408469,C1=CC=C2C(=C1)NC(=O)C(=N2)/C=C(/C3=CC=CS3)\O
6524080,CCOC1=C(C=CC(=C1)/C=C/2\CCCC3=C(C4=CC=CC=C4N=C23)C(=O)O)OC
5856713,CCC1=NN2C(=N)/C(=C/C3=C(N(C(=C3)C)CC4=CC=CC=C4)C)/C(=O)N=C2S1
23724194,C1=CC=C2C(=C1)C(=C3C=CC=CC3=N2)NCCC4=CC(=C(C=C4)O)O.Cl
832817,C1=CC(=CC(=C1)N2C(=O)C3=C4C(=C(C=C3)N)C=CC=C4C2=O)N
16338356,COC1=C(C=C(C=C1)/C=C\2/C(=O)/C(=C/C3=CC(=C(C=C3)OC)O)/CN(C2)CC4=CC=CC=C4)O
1481943,C1CN(CCC1C(=O)N)C2=C(C(=O)C3=CC=CC=C3C2=O)Cl
135472701,CC1(CC(=C(C(=O)C1)C=NC2=C(C=C(C=C2)C(=O)C3=CC=CC=C3)N=CC4=C(CC(CC4=O)(C)C)O)O)C
16330874,C1CSC2=CC=CC=C2C1NC(=O)C3=CC(=C(C=C3)Cl)S(=O)(=O)N
5770968,COC1=CC(=C(C=C1)C(=O)/C=C/C(=O)N(CC2=CC=CS2)CC(=O)NC3CCCCC3)O
788928,COC1=CC(=C(C=C1)C(=O)NC2=NC3=CC=CC=C3S2)OC
4612059,COC1=CC=CC=C1NS(=O)(=O)C2=CC=CC(=C2)N3C(=C(C4=CC=CC=C4C3=O)C=NC5=CC=CC=C5C(=O)O)O
2407524,COC1=CC(=CC(=C1O)OC)/C=C\2/C(=O)/C(=C/C3=CC(=C(C(=C3)OC)O)OC)/CC2
16014341,CC1=CC=C(C=C1)CS(=O)(=O)C2=NC=C(C(=N2)C(=O)NC3=NN=C(S3)C(C)C)Cl
663900,CC1=CC=CC=C1CS(=O)(=O)C2=NN=C(O2)[C@H](CC(C)C)NC(=O)OC(C)(C)C
3236803,CS(=O)(=O)C1=NC(=CC(=N1)C(F)(F)F)C2=CC=CC=C2
1380879,C1=CC=NC(=C1)NC2=NC3=C(C=CC=C3O)C=C2
1218173,C1=CC=NC(=C1)N2C(=O)C3=C4C(=C(C=C3)[N+](=O)[O-])C=CC=C4C2=O
848023,CC1=CC(=NC(=C1C#N)SCC2=NN=C(O2)C3=CC=CC=C3)C
6371672,CC1C/C(=C\C2=CC=CN2C)/C(=O)/C(=C\C3=CC=CN3C)/C1
971803,C1=CC(=CC(=C1)NC(=O)NC2=CC=C(C=C2)OC(F)F)C(F)(F)F
3340390,C1=CC=C(C=C1)P(=O)(CCCCCCCCCP(=O)(C2=CC=CC=C2)C3=CC=CC=C3)C4=CC=CC=C4
16192614,CCCCCCCCN1C2=C(CCCC2)C(=N)C3=C1CCC3.Br
1790616,CC1=CC=CC=C1C(=O)NNC(=S)NC(=O)C2=C(C=C(C=C2)Cl)Cl
659453,C1CN(CCN1C2=CC=CC=C2)C3=NC=NC4=C3NC5=C4C=C(C=C5)F
16031868,CC(=O)N1CCCC2=C1C=CC(=C2)S(=O)(=O)N3CCCC(C3)C(=O)N4CCN(CC4)C5=CC(=CC=C5)Cl
24980372,CC1=CC=C(C=C1)NS(=O)(=O)C2=CC=C(C=C2)C(=O)N3CCCC(C3)C(F)(F)F
18528944,CC1=CC=C(C=C1)C2=CC(=[N+](C(=C2)C3=CC=CC=C3)C4=CC=C(C=C4)OC)C5=CC=CC=C5.[O-]Cl(=O)(=O)=O
1728278,CC1=CC=C(C=C1)C(=O)NC(=S)NNC(=O)C2=CC=CC=C2
2743870,C=CCN1C(=O)NN=C1SC2=NC=C(S2)[N+](=O)[O-]
6897952,CC1=CC=C(C=C1)S(=O)(=O)N/N=C/C2=CC=C(C=C2)OC3CSC3
6708701,C[C@]12C3CCC([C@]1(C(=O)OC2=O)C)O3
487737,COC1=CC=C(C=C1)NC(=O)C2=C(C=CC(=C2)[N+](=O)[O-])O
3216691,COC1=CC(=C(C=C1)N(C(C2=CC=CS2)C(=O)NC3CCCC3)C(=O)C#C)OC
5983846,CC(C)C1=CC=C(C=C1)/C=C(\C2=NC3=CC=CC=C3N2)/S(=O)(=O)C4=CC=CC=C4
6390973,CCCC1=NN2C(=N)/C(=C\C3=C(N(C(=C3)C)CC4=CC=CC=C4)C)/C(=O)N=C2S1
1883658,CC1=C(C(=NO1)C2=CC=CC=C2)C(=O)NNC(=S)NC(=O)C3=C(C=C(C=C3)Cl)Cl
16396279,CCCCN=C[C@]12CCC(CC1(CCC3[C@@H]2CC[C@]4(C3(CC[C@H]4C5C=CC(=O)O5)O)C)O)O
5094315,CC1=CC=C(C=C1)NN2C(=O)C=C(C2=O)C3=CC=C(C=C3)Cl
4477,C1=CC(=C(C=C1[N+](=O)[O-])Cl)NC(=O)C2=C(C=CC(=C2)Cl)O
10363146,[B-](F)(F)(F)F.CC1=CC=C(C=C1)C2=CC(=[N+](O2)C)/C=C/C3=CC=C(C=C3)OC
3105194,CC1=CC(=CC=C1)C2(CC2C(=O)NC3=C(C=C(C=C3)[N+](=O)[O-])O)C4=CC=CC(=C4)C
9679312,C1=CC=C2C=C(C=CC2=C1)N/N=C/C3=CC=C(O3)[N+](=O)[O-]
2841126,CC1=CC(=C(C=C1)C(=O)CSC2=C(C(CC(=O)N2)C3=CC=CO3)C#N)C
3129671,C1COC2=C(O1)C=CC(=C2)C(=O)CCCC3=CC=CC=C3
977927,CCC1=CC\2=C(C=C1)NC(=O)/C2=C\C(=O)C3=CC=CS3
182785,CC(C)NC1=CC=C(C=C1)NC2=CC=NC3=CC4=CC=CC=C4C=C23
5334025,CN(C1=CC=CC=C1)/N=C/C2=CC=C(O2)C3=CC=C(C=C3)[N+](=O)[O-]
16014492,CCC1=NN=C(S1)NC(=O)C2=NC(=NC=C2Cl)S(=O)(=O)CC3=CC=CC(=C3)C
135519935,COCCN=C1N(C(=CS1)C2=CC=CO2)/N=C/C3=C(C(=C(C=C3)O)O)O
4094710,CCN(CC)S(=O)(=O)C1=CC=CC(=C1)NC(=O)NC2=CC=CC(=C2)C(F)(F)F
6228509,COC1=CC(=C(C=C1)C(=O)/C=C/2\C3=CC=CC=C3NC2=O)OC
2726512,C1C2CC3CC1CC(C2)(C3)C(=O)NNC(=S)N
282274,C1=CC(=CC(=C1)Cl)NC(=O)C2=C(C=CC(=C2)N=NC3=C(C=C(C=C3)[N+](=O)[O-])Cl)O
935415,CC1=CC=C(C=C1)N2C(=O)C3=CC=CC=C3S2
16447016,CC1=CC(=CC=C1)CS(=O)(=O)C2=NC=C(C(=N2)C(=O)NC3=NN=C(S3)SC)Cl
2097287,C1CC1NC(=O)COC(=O)C2=CC=CC=C2C(=O)C3=CC(=C(C=C3)Cl)[N+](=O)[O-]
135439903,CC1(CSC(=NCC2=CC=CC=C2)N1)C
16244880,CCCC[N+]1=C2C=CC=CC2=CC3=CC=CC=C31.[I-]
1847069,CCCC1=NC2=C(C(=O)C3=CC=CC=C3N2C)C(=O)N1C4CCCCCC4
5389617,C1=CC=C(C=C1)S(=O)(=O)C/C(=C/CO)/S(=O)(=O)C2=CC=CC=C2
2794916,C1CCC(CC1)N(C2=CC=CC=C2)C(=O)CCl
3830309,C1=CC=C(C=C1)C2C(=C(C(=O)N2C3=NC=CS3)O)C(=O)C4=CC5=CC=CC=C5O4
1719457,C1=CC(=CC(=C1)N2C(=O)C3=CC(=CC4=CC(=CC(=C43)C2=O)[N+](=O)[O-])[N+](=O)[O-])C(=O)O
24981266,CC1=C(SC2=NC=NC(=C12)N3CCC(CC3)C(=O)NC4=NC(=CS4)C5=CC(=C(C=C5)OC)OC)C
11646094,CC1=CC2=C(C=C1NC(=O)C(F)(F)F)N=C3C(=N2)C(=O)NC(=S)N3
1811199,CC1=CC(=CC(=C1S(=O)(=O)NCCOC2=CC=C(C=C2)C(C)(C)C)C)N3CCCC3=O
5431927,C/C(=N/NC(=O)C1=CC2=CC=CC=C2C=C1O)/C3C(=O)C4=CC=CC=C4C3=O
1976940,C1=CC=C2C(=C1)N=C3N2C(=O)/C(=C\C4=CC=C(O4)C5=CC(=CC=C5)C(=O)O)/S3
11905954,C1[C@@H]([C@H]1C(=O)NNC(=S)NC(=O)/C=C/C2=CC=C(C=C2)F)C3=CC=CC=C3
1238357,CC1=C(C(=C(N=C1C)SCC(=O)NC2=NC3=CC=CC=C3S2)C#N)C
3555173,COC1=CC=C(C=C1)C2C(C(=NN2C(=O)CCl)C3=CNC4=CC=CC=C43)O
1910761,CC1=C/C(=C\C=C(C#N)C#N)/N(C2=CC=CC=C12)C
5760298,C1=CC=C(C=C1)C(=O)/C(=C/C2=CC=C(C=C2)Cl)/C3=NC4=CC=CC=C4N3
2370102,C1=CC=C(C(=C1)NC(=S)NNC2=C(C=C(C=N2)C(F)(F)F)Cl)Cl
1474465,CC1=CC=C(C=C1)C(=O)OCN2C(=O)C(=C(C=N2)Cl)Cl
24747642,C1COCCN1CC(C2=CC=CC=C2)C(=O)C3=CC=C(C=C3)Br.Cl
1510379,CC1=CC=CC=C1N2C(=O)C3=C(S2)C=C(C=C3)F
3734285,CN(C)CCCNC(=O)C1=CC=C(C=C1)C2=NC(=CS2)C3=CC=C(C=C3)Cl
135501733,CC1=C(C(=O)NC(=N1)N2C(=O)C3=C(N2)CCCC3)CC4=CC=CC=C4
1207780,CCOC(=O)C1=C(SC2=C1N(C3=C(S2)C=CC(=C3)Cl)C(=O)CCl)C
24892626,CC1=CC2=C(C=C1)N=C(S2)N(CCCN(C)C)C(=O)C3=CC=C(C=C3)S(=O)(=O)N4CCC5=CC=CC=C5C4.Cl
2405889,CC1=CC(=C(C=C1)C(C)C)OCC(=O)C2=C(C(=C(N2)C)C(=O)C)C
972880,CC1=C(N=CC=C1)NC2=NC(=CS2)C3=CC=CC=N3
829764,CCN(CC)C1=CC2=C(C=C1)OC(=O)C(=N2)C
3138567,C1=CC=C2C(=C1)C(=C3C=CC=CC3=N2)NNC(=O)C4=CC=CC=C4O
866034,CC1=CC(=NC2=C1C(=C(S2)C(=O)NC3=NC=C(S3)C)N)C
16682221,CCCCCCCCCCN1C=CC(=N)C=C1.Br
9607375,CN(C)S(=O)(=O)C1=CC=C(C=C1)C2=CSC(=N2)N/N=C/C3=CC=CO3
1080347,C1=CC=C(C(=C1)CN2C=C(C3=CC=CC=C32)/C=C/[N+](=O)[O-])C#N
1725048,CC1(OC(=C/C(=C/C=C2C(=O)NC(=O)NC2=O)/O1)C3=CC=CC=C3)C
135433226,C1=CC2=C3C(=C1)C(=O)N(C3=CC=C2)CC4=CC=C(C=C4)C(=O)N/N=C/C5=C(C=C(C=C5)O)O
54691673,C1=C(C2=C(C(=C(S2)SCC(=O)NC3=NN=CS3)C#N)NC1=O)O
20954891,C1CN(CCN1CCCNC(=O)C2=CC=C(C=C2)NC(=O)C3=CSCCO3)C4=CC=C(C=C4)F
974921,C=CCN1C2=CC=CC=C2C(=C1O)C3=C4C=CC=CC4=NC3=O
5703486,COC1=C(C=CC(=C1)/C=C\2/C(=O)/C(=C/C3=CC(=C(C=C3)O)OC)/COC2)O
9608098,CC(=O)NC1=CC=C(C=C1)/C=N/N2C(=O)C(NC2=O)(C)C3=CC=C(C=C3)OC(F)F
4194714,CC(C)CC1=CC=C(C=C1)C(C)C(=O)NC2=CN=CC=C2
2801235,COC1=NC(=C(C=C1)[N+](=O)[O-])S(=O)(=O)C2=CC=C(C=C2)Cl
3961833,CCOC(=O)C1=C(SC2=C1CCCC2)NC(=O)C(C)N3CCN(CC3)C(=O)C4=CC=CO4
3350604,CC(CCC1=CC=CC=C1)NC(=O)COC(=O)C2=CC(=C(C=C2)S(=O)(=O)C)[N+](=O)[O-]
4216259,CCCCN1C2=C(C(=O)NC1=O)N(C(=N2)CN3C(=O)C(=C(C=N3)Cl)Cl)CCC
854418,COC1=CC=CC=C1C(=O)NC2=NC3=CC=CC=C3N2
3375236,CC1=CC=C(C=C1)C2(CC2C(=O)NC3=C(C=C(C=C3)[N+](=O)[O-])O)C4=CC=C(C=C4)C
2905407,CCCC(C)C(=O)NC1=NC=C(S1)S(=O)(=O)C2=CC=C(C=C2)[N+](=O)[O-]
17579079,C1=COC(=C1)/C=C/2\C(=O)N(C(=S)S2)CCCC(=O)NC3=C(C=C(C=C3)O)C(=O)O
16192798,CCCCCC1=CC(=C(C=C1)OCCCC[N+]2=CC=C(C=C2)C)CCCCC.[Cl-]
42574,CC1=CC(=C(C=C1NC(=O)C2=C(C(=CC(=C2)I)I)O)Cl)C(C#N)C3=CC=C(C=C3)Cl
704682,CC1=CC(=CC=C1)NC2=NC(=CS2)C3=C(N=C4N3C=CC=C4)C
135650601,C1=CC(=CC=C1/C=C/2\C(=O)N(C(=S)S2)/N=C/C3=CC=C(C=C3)O)O
7341556,CN1C(=O)/C(=C/C2=CC=CN2C3=CC4=CC=CC=C4C=C3)/C(=O)NC1=S
2982231,CC(C(C1=CC=CC=C1)O)NCC2=CC=C(C=C2)OCC3=CC=C(C=C3)Cl.Cl
1331611,C1=CC(=CC(=C1)NC(=O)C2=CC3=C(C=C2)N=C(C(=N3)C4=CC=CO4)C5=CC=CO5)C(F)(F)F
2162211,C1=CC=C(C(=C1)C(=O)NC2=NC=C(S2)S(=O)(=O)C3=CC=C(C=C3)[N+](=O)[O-])F
5184800,CS(=O)(=O)C1=C(C=C(C=C1)C(=O)OCC(=O)NC23CC4CC(C2)CC(C4)C3)[N+](=O)[O-]
2426234,C1=CC(=CC=C1NC(=S)NNC2=C(C=C(C=N2)C(F)(F)F)Cl)Cl
24978766,CN(CCOC1=CC=C(C=C1)Cl)C(=O)C2=CC(=NC3=CC=CC=C32)C4=CC=CO4
6243882,CC(C)(C)C1=CC=C(C=C1)C(=O)O/N=C(/C2=CC=CC=C2)\N
2368804,CC1=CC=C(C=C1)NC(=O)C2=C(N(C(=C2)C)C3=CC=CC=C3)C
6603430,COC1=C(C=C(C=C1)CCNC2=NC=NC3=C2OC4=CC=CC=C43)OC.Cl
11958738,COC1=C(C=C(C=C1)N(C(C2=CC=CS2)C(=O)NC3CCCC3)C(=O)C#C)OC.Cl
883995,CC1=CC=C(C=C1)C(=O)/C=C/C(=O)C2=CC=C(C=C2)C
5766967,C1=CC(=C(C=C1Cl)C(=O)O)C2=CC=C(O2)/C=C/C3=NC(=O)NC(=C3)C(F)(F)F
7352664,CC1=C(C=C(C=C1)SCC(=O)OCC(=O)N(C)CC(=O)NC2=CC=C(C=C2)F)C
3339005,CC(=O)N(CC1=CC=C(C=C1)F)C2=C(C(=O)C3=CC=CC=C3C2=O)NCCC4=CC=CC=C4
5953984,C1=CC=C(C(=C1)C(=O)NN2C(=O)/C(=C/C=C/C3=CC=CO3)/SC2=S)O
789893,COC1=CC=C(C=C1)C2=NC(=NO2)C3=CC=CC=N3
2731955,C1=CC(=C(C(=C1)Cl)CSC2=NN=C(S2)C3=CC=NC=C3)Cl
738092,C1=CC2=C(C3=C(N2C=C1)C=C(C=C3)O)C#N
3651651,CCN(CC1=CC=CC=C1)C2=CC=C(C=C2)N=NC3=NN(C(=C3[N+](=O)[O-])C)C
135521560,CCN=C1NN=C(CS1)C2=C(N(C(=C2)C)CC=C)C.Cl
4559736,C1=CC=NC(=C1)C2=C(NC3=C2C=CC(=C3)[N+](=O)[O-])N
16192713,CCCCCC1=CC(=C(C=C1)OCCCC[N+]2=CC=CC(=C2)C)CCCCC.[Cl-]
2834414,CC1CCC(C(C1)OC(=O)CN2C3=CC=CC=C3[N+](=C2C4=CC=C(C=C4)Br)C)C(C)C.[Cl-]
3042319,CC(C)CC1=CC=C(C=C1)C(C)C(=O)NC2=NC=CS2
7386206,CC1=CC(=C(C=C1)C)CN2C(=C(N=N2)C(=O)NC3=CC4=C(C=C3)OCCO4)N
2723941,C1=CC=C(C=C1)COC2=C(C=C(C=C2)CCN)OCC3=CC=CC=C3.Cl
9586497,C1=CC(=CC=C1/C=N/N=C(N)N)OCC2=C(C=C(C=C2)Cl)Cl
2834423,CC1CCC(C(C1)OC(=O)CN2C3=CC=CC=C3[N+](=C2C4=CC=CC=C4)C)C(C)C.[Cl-]
16307990,CC1=CC(=C(N1C2CC2)C)C(=O)CN3C(=O)C(NC3=O)(C)C4=CC=C(C=C4)OC
5737516,COC1=CC(=CC(=C1OC)OC)/C=C/C(=O)N2C3=CC=CC=C3N=C2SCC=C
11979277,CCCCCCCCCCCCCCCC[N+]1=CC=C(C=C1)C(=O)N.[Br-]
24816489,CCN1CCN(CC1)CC2=C(C=C(C=C2)NC(=O)C3=CC(=C(C=C3)C)NC(=O)C(=O)C4=CNC5=CC=CC=C54)C(F)(F)F.C(=O)(C(F)(F)F)O
16240451,CCOC1=C(C=CC(=C1)/C=C\2/C(=O)/C(=C/C3=CC(=C(C=C3)O)OCC)/CN(C2)C)O.Cl
1162385,COC1=CC(=CC(=C1OC)OC)C(=O)OC2=CC=CC(=C2)NC3=NC=NC4=CC=CC=C43
3525489,CCCN1C(=O)C(=C(C(=N1)[N+](=O)[O-])C(C#N)C2=NC3=CC=CC=C3O2)Cl
24981147,CC1(C(=O)N(C(=O)N1)CC(=O)C2=CC3=C(C=C2)OCO3)C4=CC=C(C=C4)OC(F)F
2055076,C1=CC=C2C(=C1)C(=O)C=C(O2)C3=C(C(=C(C(=C3F)F)F)F)F
24819366,CC1=C(C(=CC=C1)N2C3=C(C=N2)C(CCC3)NC(=O)C4=C(N=C(C=C4)OC)OC)C
2315524,CC1=CC=C(O1)C2=NN(C=C2/C=C\3/C(=O)N(C(=S)S3)CCCCCC(=O)O)C4=CC=CC=C4
5583816,CC(C)N1C(=O)/C(=C/C=C/C2=CC=CO2)/C(=O)N(C1=O)CC3=CC=CO3
3798575,CC1=CC=C(C=C1)N=CC2=C3C=CC=CC3=C(S2)O
16806361,CN1CCC2=C(C1)SC(=C2C(=O)N)NC(=O)C3=CC=C(O3)[N+](=O)[O-].Cl
1910825,CCCCN(CCCC)C1=CC(=C(C=C1)C(=O)C2=CC=CC=C2C(=O)O)O
776372,C1=CC=C(C=C1)OC2=C3C4=C(C5=CC=CC=C5C3=O)ON=C4C=C2
5146955,CCOC(=O)C1=CC=C(C=C1)NC(=S)N2CCSC2C3=CC=C(C=C3)Br
16196146,CC1=C(C(=O)N(N1C)C2=CC=CC=C2)NC3=[N+](C(=CS3)C4=C(C=C(C=C4)Cl)Cl)CC=C.[Cl-]
5775469,CCCN1C(=O)/C(=C\C2=CC=C(O2)N3CCOCC3)/SC1=O
1471205,C1=CC=C(C=C1)NS(=O)(=O)C2=CC=C(C=C2)OC3=C(C=C(C=N3)C(F)(F)F)Cl
5057111,CC1=CC(=C(N1CC2CCCO2)C)C(=O)COC(=O)C3=CC=CC=C3Br
135469975,CN1C(=C(C(=O)N(C1=S)C)/C=C/C=NC2=CC=CC=C2)O
135472810,COC1=CC=CC(=C1O)/C=N/NC2=CC=C(C=C2)C(=O)O
4602183,CCOC1=CC=C(C=C1)NC(=O)CN2C(=O)C(NC2=O)(C)C3=CC=C(C=C3)OC(F)F
16239028,C1=CC=C(C=C1)N2C=C(C(=N2)C3=CC=CS3)/C=N/N=C(N)N.[N+](=O)(O)[O-]
24747640,CC(CCC1=CC(=C(C=C1OC)OC)OC)NCCC(C2=CC=CC=C2)C3=CC=CC=C3.Cl
5714545,CC(C)(C)C1=CC=C(C=C1)C2=CC(=C(S2)C(=O)OC)NC(=O)/C=C/C(=O)O
6052915,CCOC1=CC=C(C=C1)/C=N/NC(=O)C2=C(N(N=N2)C3=NON=C3N)C4=CC=CS4
135517024,CC1=CC(=CC=C1)N=NC2=C3C=CC=NC3=C(C=C2)O
6887818,C1=CC=C2C(=C1)C(=CC(=N2)C3=CC=C(C=C3)Br)C(=O)N/N=C/C4=CC=CC=N4
4840012,CN(C)CCCNC(=S)NCC(C1=C(C=C(C=C1)Cl)Cl)C2=CNC3=CC=CC=C32
5737725,COC1=C(C=CC(=C1)/C=C\2/C(=O)/C(=C/C3=CC(=C(C=C3)OCCO)OC)/CC2)OCCO
1130140,CCCN1CCC2=C(C1)SC(=C2C#N)NC(=S)NC(=O)C3=CC=CC=C3
4326878,CN1C=CN=C1SC2=CC(=C(C3=NON=C23)[N+](=O)[O-])NCCCO
5161265,CC1=CC(=C(N1CC2CCCO2)C)C(=O)COC(=O)C3=CC=CC=C3O
2998797,CC1=C(SC=C1)C(=O)OCC(=O)C2=C(N(C(=C2)C)CC3CCCO3)C
135460430,C1COCCN1S(=O)(=O)C2=C(C=CC(=C2)[N+](=O)[O-])N/N=C/C3=C(C(=CC=C3)O)O
9583467,CC1=C(C(=NN1C(C)(C)C)C)/C=N/OC(=O)NC2=CC=C(C=C2)Cl
12005228,CC1(CC(CCO1)C(CCN(CC2=CC=C(C=C2)OC)C(=O)C3=CC=CO3)C4=CC=C(C=C4)F)C
721948,C1=CC(=CC=C1C#N)NC(=O)NC2=CC=C(C=C2)Cl
2404972,CCC1=C(C(=CC(=C1)SC#N)C)NC(=O)CCl
664366,CC[C@@H](C)[C@@H](C1=NN=C(O1)S(=O)(=O)CC2=C(C=CC(=C2)C)C)NC(=O)OC(C)(C)C
1249532,COC(=O)C1=C(C=CC(=C1)NC(=O)NC2=CC(=CC=C2)Cl)Cl
658734,C1CN(CC2=CC=CC=C21)C3=NC=NC4=C3NC5=CC=CC=C54
3776314,CCN(CC)C1=CC=C(C=C1)N=NC2=NN(C(=C2[N+](=O)[O-])C)C
9594976,CC1=CC(=C2C=C(C=CC2=N1)OC)N/N=C/C3=C(C=C(C=C3)OC)OC
328144,C1CCNC(C1)C(C2=CC(=NC(=C2)C(F)(F)F)C3=CC=C(C=C3)C(F)(F)F)O
23724230,CC/C(=C/C1=[N+](C2=C(S1)C=CC3=CC=CC=C32)C)/C=C\4/N(C5=C(S4)C=CC6=CC=CC=C65)C.[Cl-]
286873,COC1=C(C=C2C(=C1)C=CN=C2C(=O)C3=CC(=C(C=C3[N+](=O)[O-])OC)OC)OC
1397809,COC1=C(C=CC(=C1)/C=C\2/C(=O)N(C(=S)S2)C3=CN=CC=C3)O
233874,CC(C)C1=CC=C(C=C1)C2=NC3=CC=CC=C3S2
6385598,C1=CC(=CC=C1N/N=C(\C#N)/C(=S)N)[N+](=O)[O-]
3599500,COC1=CC(=C(C=C1N2C=C(NC2=O)C3=CC=C(C=C3)Cl)Cl)OC
1540666,CC1CCN(CC1)S(=O)(=O)C2=CC3=C(C=C2)C4=C(C3=NO)C=C(C=C4)S(=O)(=O)N5CCC(CC5)C
8030390,CC1=C(C(=O)OC2=C1C=CC(=C2C)OCC(=O)NC3=CC=CC=N3)C
9632900,C1OC2=C(O1)C=C(C=C2)C3=C(N=NN3C4=NON=C4N)C(=O)N/N=C/C5=CC=CS5
130606,CC1=CC=C(C=C1)S(=O)(=O)NC2=C3C(=CC(=C2)OC)C=CC=N3
3147878,C1CCN(CC1)C2=C(C(=O)C3=CC=CC=C3C2=O)NC4=CC=CC=C4
2858900,C1=CC=C(C=C1)CN2C3=CC=CC=C3N(C2=N)CC(=O)C4=CC=C(S4)Br.Br
2212798,CC1=C(C=C(C=C1)C2=NN=C(N2CC=C)SCC3=CC=C(C=C3)C(=O)NC4=NC=CS4)Cl
2917512,CN1C2=C(C(NC1=O)C3=CC=CC=C3[N+](=O)[O-])C(=O)CCC2
24982343,CCOC1=CC=C(C=C1)NS(=O)(=O)C2=CC=C(C=C2)C(=O)NCC(C3=CC=CS3)N4CCOCC4
16682477,C[N+]1=CC=CC2=C(C=CC(=C21)[O-])Br.O
2276396,CC1=C(C2=C(C=C1)N3C(=O)/C(=C/C4=CC=C(O4)C5=CC=CC=C5C(=O)O)/SC3=N2)C
852940,CCC1=CC2=C(S1)N=C(NC2=O)C3=CC=CC=N3
5362868,CC1CCC/C=C/C2CC(CC2C(/C=C/C(=O)O1)O)O
24980640,CN(CC1=CC(=CC=C1)OC)C(=O)C2=CC(=C(C=C2)OCC(=O)NC3=CC=CC(=C3)C(F)(F)F)OC
667046,CCCN1C2=CC=CC=C2N=C1NC3=NC4=CC=CC=C4N3C
135458726,C1=CC=C2C(=C1)C(=CN2)/C=N/NC3=CC=CC=C3[N+](=O)[O-]
721060,CC1=CC=C(C=C1)NC2=NC(=NC(=C2)C)NCC3=CC=CC=C3
2055896,CC(C)(C)C1=CC=C(C=C1)C(=O)NC2=C(C3=C(S2)CCC3)C(=O)O
5176394,CCC1=C(C(=NC2=CC=CC=C2N1)NC(=O)NC3=CC(=C(C=C3)Cl)Cl)C(=O)OCC
12006029,CN(C)CCCN(C1=NC2=C(S1)C=C(C=C2)Cl)C(=O)C3=CC4=C(CCCC4)C=C3.Cl
25237246,CN1C2=C(C=C(C=C2)/C=N/NC(=O)C3=C(C=CC(=C3)O)O)C4=CC=CC=C41
1394220,CC1(CC2=C(C(N1)(C)C)SC(=C2C#N)NC(=O)COC3=CC=CC4=CC=CC=C43)C
5310930,CC1=CC(=C(N1C)C)/C=C\2/C(=O)N3C(C(=C(N=C3S2)C)C(=O)C)C4=C(C=C(C=C4)OC)OC
16194416,COC1=CC=C(C=C1)N2C=CC=C2/C=C/3\C(=N)N4C(=NC3=O)SC(=N4)C5=CC=CO5
698314,CC1=CC(NC2=C1C=C(C=C2)OC(=O)C3=CC=CO3)(C)C
24819749,C1CC(CN(C1)C(=O)C2=CC=C(C=C2)S(=O)(=O)NC3=CC=CC=C3)C(F)(F)F
1736341,CC1=CC=C(C=C1)C(=O)C2=COC3=C2C(=O)C(=O)C4=CC=CC=C43
899970,CN(C)/C=C/C1=C(C2=C(O1)C=CC(=C2)O)[N+](=O)[O-]
2281759,CC1=CC(=CC=C1)N2C(=O)/C(=C/C3=CC=CN3C4=CC=C(C=C4)Cl)/C(=O)NC2=O
1740950,CC1=CC=CC=C1C2=NC3=CC=CC=C3C(=C2)C(=O)NC4=C(C(=C(S4)C(=O)OC(C)C)C)C#N
135455077,CC(C)(C)C1=CC(=CC(=C1O)C(C)(C)C)C2=NN3C4=CC=CC=C4[N+](=C3SC2)C.[Br-]
1188014,CC1=C(ON=C1C)NS(=O)(=O)C2=CC=C(C=C2)NC(=O)NC3=CC(=C(C=C3)Cl)Cl
5322407,COC1=CC=C(C=C1)NS(=O)(=O)C2=CC3=C(C=C2)N[C@@H]([C@H]4[C@@H]3C=CC4)C5=CC=C(C=C5)C(=O)O
1187613,C1=CC=C2C(=C1)C(=NC=N2)NC3=CC(=CC=C3)OC(=O)C4=CC=CC=C4Cl
6154033,C1=CC=C(C=C1)/C(=N\NC(=O)C2=CC(=CC=C2)F)/C3=CN=CC=C3
16191094,C1=CC2=NC(=CN2C=C1)CCNC(=O)C3=NOC(=C3)COC4=CC5=C(C=C4)N=CC=C5
6377798,CCOC(=O)/C(=C\C1=CC=C(C=C1)Cl)/C2=NC3=C(C(=C(S3)C)C)C(=O)N2
16193065,C1CCC2=NC3=C(C=C(C=C3)NC(=S)NCCCN4CCC(CC4)CC5=CC=CC=C5)C(=O)N2CC1
652267,CC1CCN(CC1)S(=O)(=O)C2=CC=C(C=C2)NC(=O)CN3N=C(N=N3)C4=CC=CC=C4
9590741,C/C(=N\NC(=O)C1=CC=C(C=C1)Cl)/C2=CC=CC=N2
766190,C1CN(CC2=C1C3=CC=CC=C3N2)CC4=CC(=C(C=C4)Cl)Cl
135439902,C1=CC=C(C=C1)/C(=N\NC2=CC=C(C=C2)Br)/N=NC3=NNN=N3
3134137,CC1=NN(C(=C1CN(C2=CC=CC3=CC=CC=C32)C(=O)CCl)Cl)C4=CC=CC=C4
5713202,CC1=CC(=NC(=N1)S/C=C/C(=O)C2=CC=CC=C2)C
6149177,C1=CC(=CC=C1C(=O)/C=C/C2=CC(=C(C=C2)Cl)[N+](=O)[O-])O
661231,CC1=CC(=C(C=C1)N2C3=C(C=N2)C(=NC=N3)N4CCN(CC4)C5=CC=CC=C5)C
2930286,C1=CC=C(C=C1)C2=C(N(C3=NC=NC(=C23)NCCCN4C=CN=C4)CC5=CC=CO5)C6=CC=CC=C6
25237601,C/C(=N\NC(=O)C1=CC(=CC(=C1)O)O)/C2=CC=C(C=C2)NC(=O)CC3=CC=CC=C3
67238,C1=CC=C2C(=C1)C3=CC(=C(C=C3N2)O)C(=O)NC4=CC=C(C=C4)Cl
9776887,COC1=CC=C(C=C1)C2=CN=NC(=N2)N/N=C/C=C/C3=CC=CO3
2864614,COC1=C(C2=C(C=C1)C(OC2=O)NC3=NC(=CS3)C4=CC=CC=C4)OC
2998676,CC1=CC(=C(N1CC2CCCO2)C)C(=O)CN3C(=O)C4=CC=CC=C4S3(=O)=O
2931173,CCCCN1C2=CC=CC=C2N=C1NC(=S)NC3=CC=CC=C3
16188602,CC1(C2CCC(OC2C3=CC=CC=C3O1)(C)C#CC[N+]4(CCCCC4)C)C.[I-]
900061,CC1=NC2=C(C(=O)N1N)SC(=C2)C3=CC=C(C=C3)OC
2350847,C1=CC=C(C(=C1)C(=O)C2=CC(=C(C=C2)Cl)[N+](=O)[O-])C(=O)OCC(=O)NC3=CC=CC(=C3)C#N
1208078,CC(=O)N1C=C(C2=CC=CC=C21)N(C3=CC=CC=C3OC)C(=O)CCl
16682556,CCN(CC)CC[N+]1=C(C=C(C=C1C)C2=CC=C(C=C2)OCC)C3=CC=C(C=C3)OCC.[O-]Cl(=O)(=O)=O
878060,CC1=CC(=C(N1C2=CC=CC=C2)C)C=C3C(=O)C4=CC=CC=C4C3=O
5297899,C1C(C1(Cl)Cl)C2=CC=C(C=C2)NC(=O)C3=CC(=CC=C3)[N+](=O)[O-]
1388091,COC1=CC(=CC2=C(N3C(=CSC3=NC2=O)C4=CC=CC=C4)N)C=C(C1=O)OC
2145571,CC1=C(C=CO1)C2=NN=C3N2N=C(S3)C4=C(OC(=C4)C5=CC=C(C=C5)F)C
5713277,CC(=O)OC(C)(C)/C=C/C(=O)C(C)(C1[C@@H](C[C@@]2([C@@]1(CC(=O)[C@@]3(C2CC=C4C3CC[C@H](C4(C)C)O)CO)C)C)O)O
1790658,COC1=CC(=CC(=C1OC)OC)C(=O)NNC(=S)NC(=O)C2=CC=C(C=C2)Cl
6002117,C1CN(CCN1C2=CC=CC=N2)C(=O)C3=CC(=C(C=C3)S(=O)(=O)C4=CC(=CC=C4)Cl)[N+](=O)[O-]
3954939,C1CN(CCC1C(=O)NC2=NC3=CC=CC=C3S2)S(=O)(=O)C4=C(C=CC(=C4)[N+](=O)[O-])Cl
1930774,CCOCCCN1C(=C(C2=NC3=CC=CC=C3N=C21)C(=O)NC4=C(C5=C(S4)CCCC5)C(=O)OC)N
135490286,COC1=CC=CC=C1NS(=O)(=O)C2=C(C=CC(=C2)[N+](=O)[O-])N/N=C/C3=CNC4=CC=CC=C43
650898,CC1=CN=C(S1)NC(=O)CSC2=NC=C(N2CC3=CC=CO3)C4=CC=CC=C4
135490270,CC1=C(C2=CC=CC=C2N1)/C=N/NC3=C(C=C(C=C3)[N+](=O)[O-])S(=O)(=O)NC4=CC=CC=C4OC
8478,CC(C)(C)CC(C)(C)C1=CC=C(C=C1)OCCOCC[N+](C)(C)CC2=CC=CC=C2.[Cl-]
5284439,C1CCC(CC1)C(CC2CCCCN2)C3CCCCC3.C(=C\C(=O)O)\C(=O)O
17284516,CCCC1=CC=C(C=C1)C(C)NC(=S)NCC2=CC=C(C=C2)F
7594,C1=CC=C(C=C1)NC(=NC2=CC=CC=C2)N
3241960,CC(C)N1CCC2(CC1)NC(CC(=N2)C3=CC4=C(C=C3)OCO4)C5=C(C=CC(=C5)Cl)O
5307955,CSC1=CC=C(C=C1)CN2C(=C(N=N2)C(=O)NCC3=CC=CC=C3)N
1920377,CC1=CC=C(C=C1)N(C(=O)CCl)NC(=O)C(C2=CC=CC=C2)(C3=CC=CC=C3)O
2944406,CC(C1=CC=C(C=C1)[N+](=O)[O-])C(=O)NC2=CC3=C(C=C2)OCCO3
5203568,CC(C1=CC=CC=C1)NC(=O)CN(C2=CC=CC(=C2)C(F)(F)F)S(=O)(=O)C3=CC(=C(C=C3)Cl)[N+](=O)[O-]
18127589,CC(C(=O)NC1=NC(=CS1)C2=CC=CC=N2)OC3=CC(=CC=C3)Cl
16355247,CC1(C(=O)N(C(=O)N1)CC(=O)NC2=C(N=CC=C2)Cl)C3=CC=C(C=C3)OC(F)F
12005285,CC1=CC=C(C=C1)SC2=CC(=C(C3=NON=C23)[N+](=O)[O-])NCCCOC(=O)C
5286961,CC1=CC(=CC(=C1O)Br)/C(=C/2\C=C(C(=O)C(=C2)Br)C)/C3=CC=CC=C3S(=O)(=O)O
4271890,CCCCC1C2(C(=N)OC3(O1)CCCCC3C2(C#N)C#N)C#N
5349700,CCCC1=CC=C(C=C1)C(=O)O/N=C(/C2=CC=CC=N2)\N
2836580,CCC1=NN=C(S1)NS(=O)(=O)C2=CC=C(C=C2)NC3=CC=C(C4=NON=C34)[N+](=O)[O-]
2884240,COC(=O)C1=NN(C(C1)(C2=CC=C(C=C2)Cl)O)C(=O)C3=CC(=CC=C3)Br
9678325,CC1=NN(C(=C1/C=N/NC2=NC3=CC=CC=C3S2)Cl)C4=CC=CC=C4Cl
16193244,C1COCCN1C2=CC=C(O2)/C=C\3/C(=O)N(C(=O)S3)C4=CC=CC=C4
16014490,CCOC1=CC=CC=C1NC(=O)C2=NC(=NC=C2Cl)S(=O)(=O)CC3=CC=CC(=C3)C
838877,C1=CC=C(C=C1)C2=CC=C(C=C2)C3=NC(=NO3)C4=CC=CC=N4
9680914,CC1=CC(=C(N1C2=CC=CC=C2)C)/C=N/NC3=NC=NC(=C3[N+](=O)[O-])N
2412504,C1=CC(=C(C=C1Cl)Cl)CN2C=CSC2=NC(=O)CCl
2835426,CCN(CC)CCCCN1C2=CC=CC=C2SC3=CC=CC=C31.Cl
5210304,CN1C2=CC=CC=C2N=C1N=NC3=CC=CC=C3
135433188,CC(C)(C)C1=CC=C(C=C1)C2CC2C(=O)N/N=C\C3=CC=CN3
23724408,CC1=C(C2=CC=CC=C2N1CC=C)/C=C/C3=CC=[N+](C=C3)C.[I-]
4454203,C1=CC=C2C(=C1)C(=CC(=O)C2=O)NC3=CC=C(C=C3)F
658921,C1=CC=C(C=C1)N2C(=C(C3=NC4=CC=CC=C4N=C32)C#N)NC(=O)C5=CC=C(O5)Br
135477972,CC1=C(C=C(C=C1)N2C(=O)C(=C(N2)C)/C=N/NC3=C(C=C(C=C3)[N+](=O)[O-])[N+](=O)[O-])C
2815170,C1COC2=C(O1)C=CC(=C2)C(=O)CN3C(=O)C4=CC=CC=C4S3(=O)=O
2815175,C1COC2=C(C=C(C=C2)C(=O)CN3C(=O)C4=CC=CC=C4S3(=O)=O)OC1
818740,C1=CC=C(C=C1)N(C2=CNC3=CC=CC=C32)C(=O)CCl
818739,CC(=O)N1C=C(C2=CC=CC=C21)N(C3=CC=CC=C3)C(=O)CCl
1329592,C1=CC=C(C=C1)CNC(=O)C2=CC3=C(C=C2)N=C(C(=N3)C4=CC=CO4)C5=CC=CO5
135435971,C1=CC2=C(C=C1O)N3C(=C(C=N3)Br)N=N2
5735198,CN1C2=CC=CC=C2N=C1/C=C/C3=CC=C(C=C3)OC
2741895,C1CN(CCN1C2=NC=C(C=C2)NC(=O)C3=CC=CS3)C4=C(C=CC=N4)C(F)(F)F
2179291,CC1=CC2=C(C=C1C)SC(=N2)N3C(=O)CNC3=S
9595162,CC1=CC(=C(C=C1)N/C(=N/C2=NC(=CC(=N2)N3CCCCC3)C)/N)C
5735866,CC(=O)NC1=CC=CC(=C1)C(=O)/C=C/C2=CC=C(C=C2)Br
2122530,CC1=C(NC(=C1C(=O)C)C)C(=O)COC(=O)C2=CC(=CC=C2)S(=O)(=O)N(C)C3=CC=CC=C3
2181065,CC1=CC=C(C=C1)S(=O)(=O)NC2=CC=C(C=C2)NC(=O)C3=C(C(=C(C(=C3F)F)F)F)F
9653239,C1=CC=C(C(=C1)C(=O)N/N=C/C2=CC=CC3=C2N=CC=C3)O
1338419,CCOC1=C(C=C(C=C1)C(=O)NC2=C(C=CC(=C2)C3=NC4=CC=CC=C4N3)Cl)[N+](=O)[O-]
4596188,C1=COC(=C1)CSC2=CC(=C(C3=NON=C23)[N+](=O)[O-])NCCCO
5720743,C/C(=N\NC(=O)C1=CC=C(C=C1)F)/C2=CC=CC=N2
1452801,CC(C)(C)C(=O)NC1=CN=C(C=C1)NC(=O)C2=CC=CO2
135512347,CN(C)C1=CC=C(C=C1)/C=C\2/C(=NC3=CC=C(C=C3)OC)NC(=O)S2
2701065,C1CCC(CC1)NC(=O)CN2C(=O)C(=C(C=N2)Cl)Cl
2199592,CC1=C2C(=CC=C1)/C(=C/C(=O)C3=CC=CS3)/C(=O)N2
3240009,CCCCNC(=O)C1=C2NC(=O)C3=CC=CC=C3N2C(=S)S1
9563827,CC1=CC(=NN1CC2=CC=C(O2)C(=O)N/N=C/C3=CC=C(O3)C4=CC=C(C=C4)[N+](=O)[O-])C
135476824,COC1=CC=CC(=C1O)/C=N/NC2=C3C(=CSC3=NC=N2)C4=CC=CC=C4
1226652,CCOC1=CC=C(C=C1)NS(=O)(=O)C2=CC=C(C=C2)NC(=S)NC(=O)C
5532231,COC1=C(C=CC(=C1)/C=C\2/C(=O)N(/C(=N\C3=NC=CS3)/S2)CC=C)O
917237,CC1=CC2=C(C=C1)NC3=C2N=CN=C3N4CCC5=CC=CC=C5C4
7072146,CN\1CCS/C1=C/C=C\2/C(=O)N(C(=S)S2)CC(=O)O
16196147,COC1=CC=CC=C1N2C3=[N+](C=C2C4=CC=CC=C4)C5=CC=CC=C5CC3.[Br-]
2398303,C1CN(CC2=CC=CC=C21)CC3=C4C=CC=NC4=C(C=C3)O
2958734,CC1CC2=CC=CC=C2N1C3=NC=NC(=C3[N+](=O)[O-])N
2561414,C1CC2=C(C1)SC(=C2)C(=O)OC3=CC4=C(C=C3)OCO4
3671778,C=CCSC1=NSC(=N1)NC(=O)NC2=CC=C(C=C2)F
135400342,C1=CC(=C(C=C1[N+](=O)[O-])/C=N/NC2=NN=C(C=C2)Cl)O
24892073,CN(C)CCCN(C1=NC2=CC3=C(C=C2S1)OCCO3)C(=O)C4=CC5=C(S4)C=CC(=C5)[N+](=O)[O-].Cl
24746830,CCCCCCCCCCOC(=O)CN1C2=CC=CC=C2[N+](=C1COC3=CC=C(C=C3)C)C.[Cl-]
2449454,C=CCOC1=CC=CC=C1CN(C2=CC3=C(C=C2)OCO3)C(=O)CCl
135604370,C1=CC=C2C(=C1)C=CC(=C2/C=N/NC(=O)C3=CN=CC=C3)O
1994749,C1=CC2=C(C(=C1)NCC3=C(C(=CC(=C3)Br)Br)O)N=CC=C2
1625575,CCOC(=O)/C=C/S(=O)(=O)C1=CC=C(C=C1)NC(=O)C
5738419,C1=CC2=C(C(=C1)O)N=C(C=C2)/C=C/C3=CC=CS3
6115882,C1=CC(=CN=C1)N2C(=O)/C(=C\C3=CC=C(C=C3)O)/SC2=S
24892067,CCN(CC1=CC=CC=C1)S(=O)(=O)C2=CC=C(C=C2)C(=O)N(CCCN(C)C)C3=NC4=C(C=CC=C4S3)OCC.Cl
762708,COC1=CC2=C(C=C1)N=C(C(=N2)C3=CC=CO3)C4=CC=CO4
135464683,COC1=CC=CC(=C1)N=C2NC(=O)/C(=C/C3=C(C=CC(=C3)[N+](=O)[O-])O)/S2
9552079,C1=CC(=CC=C1N/C(=N/C(=NCCCCCCN=C(/N=C(/NC2=CC=C(C=C2)Cl)\N)N)N)/N)Cl
3152768,C1=COC(=C1)C2C(=C(C(=O)N2C3=NC4=C(S3)C=C(C=C4)Cl)O)C(=O)C5=CC=CO5
2998271,CC(C)(C)C1=CC(=CC(=C1O)C(C)(C)C)C(C2=CN=CC=C2)N3CCN(CC3)CCO
6490291,C1CCN(C1)C(=O)CN2C(=O)/C(=C\C3=CC=CN3C4=CC=C(C=C4)C(=O)O)/SC2=O
1804909,CC1=CC(=CC(=C1)N2C(=O)/C(=C/C3=CC=CN3C4=CC=C(C=C4)Cl)/C(=O)NC2=O)C
9551861,CC1=CC=C(C=C1)C2C3=CC=CC=C3OC(=C2/C=C/4\C(=O)NC(=S)S4)C5=CC=CS5
665449,CC(C)(C)OC(=O)NCCC1=NN=C(O1)S(=O)(=O)CC2=C(C=C(C=C2)Cl)Cl
54679954,CCN1C2=CC=CC=C2C(=C(C1=O)C(=O)NNC(=O)C3=CC=CC=C3F)O
1472663,CC1=NC2=C(C=NN2C(=C1C3=CC=CC=C3)N)C4=CC=C(C=C4)F
9685302,CC1=CC2=C(C=C1)NC3=C2N=CN=C3N/N=C/C4=C(C(=CC=C4)OC)OC
12005716,CCC1=CC=[N+](C=C1)C\2=C(C3=CC=CC=C3C(=O)/C2=N\S(=O)(=O)C4=CC=CS4)[O-]
24792017,CCOC(=O)CC1CCCCN1C(=O)C2=NOC(=C2)COC3=CC=CC4=C3C=CN=C4
24746846,CC(C)(C)SC1=NSC(=N1)NC(=O)NC2=CC(=CC=C2)OC
379338,COC1=CC=C(C=C1)C2=NN=C3C4=CC=CC=C4C(=O)C3=C2
135433277,C1=CC2=C(C(=C1)O)N=C(C=C2)/C=C/C3=C(C(=CC(=C3)Cl)Cl)O
6619798,COC1=CC2=NC3=C(C=C2C=C1)C(=NN3C(=O)CC4=CNC5=CC=CC=C54)N
2868490,CC(C)(C)C1=CC(=CC2=CC(=C(C=C2)OC)OC)C=C(C1=O)C(C)(C)C
6621522,CC1=CC2=C(C=C1N=CN(C)C)N=C3C(=N2)C(=O)N(C(=O)N3)CC=C
9117011,C1COC2=C(O1)C=CC(=C2)C(=O)NCCC3=CC=CC=C3F
5033443,CC1=C(C=C(C=C1)NC(=O)CSC2=NN(C(=S)S2)C3=CC=CC=C3)S(=O)(=O)N(C)C
660800,CC1=C(N(NC1=O)C2=NC(=NC(=N2)NC3=CC=C(C=C3)OC)NC4=CC=C(C=C4)OC)C
164676,CC1=COC2=C1C(=O)C(=O)C3=C2C=CC4=C3CCCC4(C)C
5758848,CCOC1=C(C=CC(=C1)/C=C/2\C(=O)N(C(=S)S2)CC3CCCO3)O
24746878,CC(=O)C1=CC(=CC=C1)NC(=O)NC2=NC(=NS2)SCC=C
135521622,CC(C)N=C1N(C(=CS1)C2=CC=CS2)/N=C/C3=C(C(=C(C=C3)O)O)O
3244215,C1CN(CC2=CC=CC=C21)C3=NC4=CC5=C(C=C4S3)OCCO5
9688736,CC1=CC(=C(C=C1)/C=N/NC2=C3C=CC(=CC3=NC=C2)Cl)C
24982827,C1CN(C2=CC=CC=C21)S(=O)(=O)C3=C(C=CC(=C3)C(=O)NNC(=O)C4=CC=CC=C4O)Cl
1990677,C1=CC=C(C=C1)N2C(=O)/C(=C\C3=CC=CN3C4=CC=C(C=C4)C(=O)O)/NC2=O
23609268,CC1=CC(=CC=C1)CN2CCC(CC2)CNC(=O)NC3=CC(=C(C=C3)F)Cl
